[{"ImageLoaded":"C:\\Windows\\System32\\svchost.exe","SeverityValue":2,"EventReceivedTime":"2020-09-17 17:45:42","EventID":7,"ProviderGuid":"{5770385F-C22A-43E0-BF4C-06F5698FFBD9}","ExecutionProcessID":3336,"Channel":"Microsoft-Windows-Sysmon/Operational","host":"wec.internal.cloudapp.net","AccountType":"User","ProcessGuid":"{d273d0f0-d905-5f63-6a05-000000000400}","ProcessId":"4524","Opcode":"Info","EventTime":"2020-09-17 17:45:41","Signed":"true","SourceModuleType":"im_msvistalog","AccountName":"SYSTEM","Domain":"NT AUTHORITY","@version":"1","OpcodeValue":0,"SignatureStatus":"Valid","Severity":"INFO","Hashes":"SHA1=75C5A97F521F760E32A4A9639A653EED862E9C61,MD5=9520A99E77D6196D0D09833146424113,SHA256=DD191A5B23DF92E12A8852291F9FB5ED594B76A28A5A464418442584AFD1E048,IMPHASH=247B9220E5D9B720A82B2C8B5069AD69","SourceName":"Microsoft-Windows-Sysmon","Description":"Host Process for Windows Services","Category":"Image loaded (rule: ImageLoad)","Company":"Microsoft Corporation","Keywords":-9223372036854775808,"FileVersion":"10.0.18362.1 (WinBuild.160101.0800)","UserID":"S-1-5-18","ThreadID":4296,"EventType":"INFO","Message":"Image loaded:\r\nRuleName: -\r\nUtcTime: 2020-09-17 21:45:41.433\r\nProcessGuid: {d273d0f0-d905-5f63-6a05-000000000400}\r\nProcessId: 4524\r\nImage: C:\\Windows\\System32\\svchost.exe\r\nImageLoaded: C:\\Windows\\System32\\svchost.exe\r\nFileVersion: 10.0.18362.1 (WinBuild.160101.0800)\r\nDescription: Host Process for Windows Services\r\nProduct: Microsoft® Windows® Operating System\r\nCompany: Microsoft Corporation\r\nOriginalFileName: svchost.exe\r\nHashes: SHA1=75C5A97F521F760E32A4A9639A653EED862E9C61,MD5=9520A99E77D6196D0D09833146424113,SHA256=DD191A5B23DF92E12A8852291F9FB5ED594B76A28A5A464418442584AFD1E048,IMPHASH=247B9220E5D9B720A82B2C8B5069AD69\r\nSigned: true\r\nSignature: Microsoft Windows Publisher\r\nSignatureStatus: Valid","@timestamp":"2020-09-17T21:45:42.739Z","port":64545,"RecordNumber":698639,"Task":7,"Signature":"Microsoft Windows Publisher","SourceModuleName":"eventlog","Version":3,"Product":"Microsoft® Windows® Operating System","Image":"C:\\Windows\\System32\\svchost.exe","OriginalFileName":"svchost.exe","UtcTime":"2020-09-17 21:45:41.433","Hostname":"WORKSTATION6.theshire.local","RuleName":"-","tags":["mordorDataset"]},
{"EventIdx":"1","Keywords":-9214364837600034816,"SeverityValue":2,"SubjectDomainName":"-","EventID":4627,"ProviderGuid":"{54849625-5478-4994-A5BA-3E3B0328C30D}","ExecutionProcessID":696,"Channel":"Security","host":"wec.internal.cloudapp.net","SubjectUserSid":"S-1-0-0","TargetLogonId":"0xa65939","LogonType":"3","ThreadID":2516,"EventReceivedTime":"2020-09-17 17:45:42","EventType":"AUDIT_SUCCESS","Opcode":"Info","EventTime":"2020-09-17 17:45:40","Message":"Group membership information.\r\n\r\nSubject:\r\n\tSecurity ID:\t\tS-1-0-0\r\n\tAccount Name:\t\t-\r\n\tAccount Domain:\t\t-\r\n\tLogon ID:\t\t0x0\r\n\r\nLogon Type:\t\t\t3\r\n\r\nNew Logon:\r\n\tSecurity ID:\t\tS-1-5-18\r\n\tAccount Name:\t\tMORDORDC$\r\n\tAccount Domain:\t\tTHESHIRE.LOCAL\r\n\tLogon ID:\t\t0xA65939\r\n\r\nEvent in sequence:\t\t1 of 1\r\n\r\nGroup Membership:\t\t\t\r\n\t\t%{S-1-5-32-544}\r\n\t\t%{S-1-1-0}\r\n\t\t%{S-1-5-32-554}\r\n\t\t%{S-1-5-32-545}\r\n\t\t%{S-1-5-32-555}\r\n\t\t%{S-1-5-32-560}\r\n\t\t%{S-1-5-2}\r\n\t\t%{S-1-5-11}\r\n\t\t%{S-1-5-15}\r\n\t\t%{S-1-5-21-4228717743-1032521047-1810997296-1000}\r\n\t\t%{S-1-5-21-4228717743-1032521047-1810997296-516}\r\n\t\t%{S-1-5-9}\r\n\t\t%{S-1-18-1}\r\n\t\t%{S-1-5-21-4228717743-1032521047-1810997296-572}\r\n\t\t%{S-1-16-16384}\r\n\r\nThe subject fields indicate the account on the local system which requested the logon. This is most commonly a service such as the Server service, or a local process such as Winlogon.exe or Services.exe.\r\n\r\nThe logon type field indicates the kind of logon that occurred. The most common types are 2 (interactive) and 3 (network).\r\n\r\nThe New Logon fields indicate the account for whom the new logon was created, i.e. the account that was logged on.\r\n\r\nThis event is generated when the Audit Group Membership subcategory is configured.  The Logon ID field can be used to correlate this event with the corresponding user logon event as well as to any other security audit events generated during this logon session.","@timestamp":"2020-09-17T21:45:42.740Z","SubjectLogonId":"0x0","SourceModuleType":"im_msvistalog","port":64545,"RecordNumber":243172,"SubjectUserName":"-","GroupMembership":"\r\n\t\t%{S-1-5-32-544}\r\n\t\t%{S-1-1-0}\r\n\t\t%{S-1-5-32-554}\r\n\t\t%{S-1-5-32-545}\r\n\t\t%{S-1-5-32-555}\r\n\t\t%{S-1-5-32-560}\r\n\t\t%{S-1-5-2}\r\n\t\t%{S-1-5-11}\r\n\t\t%{S-1-5-15}\r\n\t\t%{S-1-5-21-4228717743-1032521047-1810997296-1000}\r\n\t\t%{S-1-5-21-4228717743-1032521047-1810997296-516}\r\n\t\t%{S-1-5-9}\r\n\t\t%{S-1-18-1}\r\n\t\t%{S-1-5-21-4228717743-1032521047-1810997296-572}\r\n\t\t%{S-1-16-16384}","Task":12554,"@version":"1","OpcodeValue":0,"SourceModuleName":"eventlog","EventCountTotal":"1","Severity":"INFO","SourceName":"Microsoft-Windows-Security-Auditing","Version":0,"Category":"Group Membership","TargetUserName":"MORDORDC$","TargetUserSid":"S-1-5-18","Hostname":"MORDORDC.theshire.local","TargetDomainName":"THESHIRE.LOCAL","tags":["mordorDataset"]}
]