{"ProcessId":"3676","tags":["mordorDataset"],"EventID":5158,"RecordNumber":900800,"ProviderGuid":"{54849625-5478-4994-A5BA-3E3B0328C30D}","SourceName":"Microsoft-Windows-Security-Auditing","OpcodeValue":0,"EventTime":"2020-09-14 08:05:43","FilterRTID":"0","host":"wec.internal.cloudapp.net","SeverityValue":2,"ExecutionProcessID":4,"Category":"Filtering Platform Connection","SourceModuleName":"eventlog","Message":"The Windows Filtering Platform has permitted a bind to a local port.\r\n\r\nApplication Information:\r\n\tProcess ID:\t\t3676\r\n\tApplication Name:\t\\device\\harddiskvolume2\\windowsazure\\guestagent_2.7.41491.993_2020-09-14_100828\\guestagent\\windowsazureguestagent.exe\r\n\r\nNetwork Information:\r\n\tSource Address:\t\t0.0.0.0\r\n\tSource Port:\t\t60059\r\n\tProtocol:\t\t6\r\n\r\nFilter Information:\r\n\tFilter Run-Time ID:\t0\r\n\tLayer Name:\t\tResource Assignment\r\n\tLayer Run-Time ID:\t36","port":60427,"Protocol":"6","@timestamp":"2020-09-14T12:05:46.455Z","ThreadID":1512,"Severity":"INFO","EventType":"AUDIT_SUCCESS","Channel":"Security","SourceAddress":"0.0.0.0","Opcode":"Info","EventReceivedTime":"2020-09-14 08:05:46","@version":"1","Task":12810,"SourceModuleType":"im_msvistalog","LayerName":"%%14608","LayerRTID":"36","Hostname":"WORKSTATION5.theshire.local","Application":"\\device\\harddiskvolume2\\windowsazure\\guestagent_2.7.41491.993_2020-09-14_100828\\guestagent\\windowsazureguestagent.exe","Keywords":-9214364837600034816,"Version":0,"SourcePort":"60059"}