{"Keywords":-9223372036854775808,"SeverityValue":2,"TargetObject":"HKU\\S-1-5-20\\Software\\Microsoft\\Windows\\CurrentVersion\\DeliveryOptimization\\Usage\\UploadMonthlyLanBytes","EventTypeOrignal":"INFO","EventID":13,"ProviderGuid":"{5770385F-C22A-43E0-BF4C-06F5698FFBD9}","ExecutionProcessID":3392,"host":"wec.internal.cloudapp.net","Channel":"Microsoft-Windows-Sysmon/Operational","UserID":"S-1-5-18","AccountType":"User","ThreadID":5552,"ProcessGuid":"{d273d0f0-e879-5f64-5c00-000000000800}","Details":"QWORD (0x00000000-0x00000000)","EventReceivedTime":"2020-09-18 15:00:00","Opcode":"Info","EventTime":"2020-09-18 14:59:58","@timestamp":"2020-09-18T19:00:00.713Z","SourceModuleType":"im_msvistalog","port":64545,"AccountName":"SYSTEM","RecordNumber":1234567,"Task":13,"Domain":"NT AUTHORITY","@version":"1","OpcodeValue":0,"SourceModuleName":"eventlog","Severity":"INFO","SourceName":"Microsoft-Windows-Sysmon","Version":2,"Image":"C:\\windows\\System32\\svchost.exe","Category":"Registry value set (rule: RegistryEvent)","UtcTime":"2020-09-18 18:59:58.557","Hostname":"WORKSTATION6.theshire.local","RuleName":"-","tags":["mordorDataset"]}